created_utc	utc_datetime_str	score	num_comments	title	author	url
1679031067	2023-03-17 05:31:07	2054	24	Golden Inu: $GOLDEN | New BSC Token | Golden Inu $GOLDEN | Market Cap Grew $100K in 24 Hours | US$1,000,000 Next Week	NewCryptoCurrencies	https://www.reddit.com/r/CryptoMoonShots/comments/11ti69q/golden_inu_golden_new_bsc_token_golden_inu_golden/
1677237699	2023-02-24 11:21:39	2013		Introducing $OXAI – Web3 AI Infrastructure Protocol –	Bahattingkck	https://www.reddit.com/r/CryptoMoonShots/comments/11ap3kv/introducing_oxai_web3_ai_infrastructure_protocol/
1667682959	2022-11-05 21:15:59	1858	18	Dogelon Boss | Presale on 16th Nov | Last Projects did 94x and 75x | Exclusive Dextools Golden Button Ads | Doxxed Kyc	zoombrave	https://www.reddit.com/r/CryptoMoonShots/comments/yn6e4s/dogelon_boss_presale_on_16th_nov_last_projects/
1676625924	2023-02-17 09:25:24	1495	14	MoonChan - created web3 Reddit , decentralized social forum	Vail_Raymund_1985	https://www.reddit.com/r/CryptoMoonShots/comments/114fa4a/moonchan_created_web3_reddit_decentralized_social/
1676371353	2023-02-14 10:42:33	1412	7	KingZ Cash | A Revolutionary play-to-earn crypto-related game on the Binance Smart Chain | PinkSale Fairlaunch will start 17 February	SafeMailing	https://www.reddit.com/r/CryptoMoonShots/comments/1122d5o/kingz_cash_a_revolutionary_playtoearn/
1677097200	2023-02-22 20:20:00	1327		MilkAI - BNB token just launched, AI with ready products AI videos. First project like this in crypto. 2023 biggest potential moonshot with Discord, Telegram and web app bots ready.	Multicoloredcoblenz	https://www.reddit.com/r/CryptoMoonShots/comments/119b5bc/milkai_bnb_token_just_launched_ai_with_ready/
1672837423	2023-01-04 13:03:43	1266		MineFi, A New Revolutionary Way to Passively EARN, launches tomorrow on LEONICORNSWAP	Fgoat	https://www.reddit.com/r/CryptoMoonShots/comments/10337mz/minefi_a_new_revolutionary_way_to_passively_earn/
1665500010	2022-10-11 14:53:30	1195	302	Lunc Grow | Passive income in $LUNC | Launched 1month ago | LP Locked 365 days| On a big dip right now MC 80k | DEX LISTING today	ElfinAllocation	https://www.reddit.com/r/CryptoMoonShots/comments/y1b3vm/lunc_grow_passive_income_in_lunc_launched_1month/
1676018076	2023-02-10 08:34:36	1163		[ GALAXY ARENA Metaverse ] Bridging the Gap Between Virtual &amp; Reality	QuackChivalry	https://www.reddit.com/r/CryptoMoonShots/comments/10ykwiv/galaxy_arena_metaverse_bridging_the_gap_between/
1680123850	2023-03-29 21:04:10	1160	31	DOINK - New Revolution On LUNG Chain - Powered by LunaGens Network	LightWhereabouts	https://www.reddit.com/r/CryptoMoonShots/comments/1260o36/doink_new_revolution_on_lung_chain_powered_by/
1675342389	2023-02-02 12:53:09	1113		Empower Your Community with $AllIn: AI-Powered Tools for Maximum Engagement and Real Value.	QuackChivalry	https://www.reddit.com/r/CryptoMoonShots/comments/10rp4s0/empower_your_community_with_allin_aipowered_tools/
1665490695	2022-10-11 12:18:15	1065		Dexo | An extended decentralised World 1st C-Dex Exchange | Aims to connect all isolated blockchains and establish a cross-chain asset exchange network |	Harper3525	https://www.reddit.com/r/CryptoMoonShots/comments/y17lhl/dexo_an_extended_decentralised_world_1st_cdex/
1677960536	2023-03-04 20:08:56	1061	10	Flamer Life Ai (Whitelisting Now)	DaLeAtaB	https://www.reddit.com/r/CryptoMoonShots/comments/11ibruq/flamer_life_ai_whitelisting_now/
1677570285	2023-02-28 07:44:45	1026	6	Solalgo (SLGO) | World's First Web3 iDIB | BNB Blockchain | WL Presale on CookieSale Mar. 2023 | KYC &amp; Audit via Contract Checker |	ElegantlyHopeful	https://www.reddit.com/r/CryptoMoonShots/comments/11e08dq/solalgo_slgo_worlds_first_web3_idib_bnb/
1682031604	2023-04-20 23:00:04	1022	15	$WHATIF - What If I Told You | Meme token with an utility for all meme lovers! Generate your favorite memes with your personalized content with our Telegram bot.	stakasgjgh	https://www.reddit.com/r/CryptoMoonShots/comments/12ti7vp/whatif_what_if_i_told_you_meme_token_with_an/
1680815591	2023-04-06 21:13:11	1011	29	Sharbi | The Mistress of Shiba | Usdc Rewards	Icy-Box-2697	https://www.reddit.com/r/CryptoMoonShots/comments/12dy7kw/sharbi_the_mistress_of_shiba_usdc_rewards/
1677319722	2023-02-25 10:08:42	1009	13	| MetaThings | Quality Team &amp; Holders | Low MC | Certik Audit | Bitmart Cetoex Listing | CG CMC Fast Track |	atmaca35	https://www.reddit.com/r/CryptoMoonShots/comments/11bhjvz/metathings_quality_team_holders_low_mc_certik/
1665415574	2022-10-10 15:26:14	1008	7	RoboSquid Token – Today, 10th October 4PM UTC is the huge presale and launch | 255 out of 300 BNB hardcap is filled already | Marketing started from the first day | Staking, P2E game, weekly lottery, NFT and swap platform utilities | Very well-known and doxxed dev team	PresurKeekb	https://www.reddit.com/r/CryptoMoonShots/comments/y0hkpu/robosquid_token_today_10th_october_4pm_utc_is_the/
1674134244	2023-01-19 13:17:24	1003	9	Alluo - Yield, staking and airdrops	MeeBaccus	https://www.reddit.com/r/CryptoMoonShots/comments/10g1gzv/alluo_yield_staking_and_airdrops/
1677069666	2023-02-22 12:41:06	993	7	[ Mikawa Inu ] | Decentralized Viral Meme Tokens |	EggSpiritual97	https://www.reddit.com/r/CryptoMoonShots/comments/118x526/mikawa_inu_decentralized_viral_meme_tokens/
1681381312	2023-04-13 10:21:52	986		The Great $Hamlet Gamble: Is it Revolutionary or Reckless?	fulya_mia	https://www.reddit.com/r/CryptoMoonShots/comments/12kk0s0/the_great_hamlet_gamble_is_it_revolutionary_or/
1678390330	2023-03-09 19:32:10	976		Mrbob Token | Mankinds Journey to the Stars | Presale live | Marketing Launched	Rohanbarai007	https://www.reddit.com/r/CryptoMoonShots/comments/11n1cox/mrbob_token_mankinds_journey_to_the_stars_presale/
1677154398	2023-02-23 12:13:18	967	5	Minima - First tranche sold out!	MeeBaccus	https://www.reddit.com/r/CryptoMoonShots/comments/119w8uj/minima_first_tranche_sold_out/
1676479712	2023-02-15 16:48:32	966	9	Neon Link presale is live!	SadReason3	https://www.reddit.com/r/CryptoMoonShots/comments/1132evp/neon_link_presale_is_live/
1678993975	2023-03-16 19:12:55	966		Mrbob Token | Mankinds Journey to the Stars | Presale live | Launching in 3 days	Rohanbarai007	https://www.reddit.com/r/CryptoMoonShots/comments/11t3cdw/mrbob_token_mankinds_journey_to_the_stars_presale/
1677783787	2023-03-02 19:03:07	963	57	Mrbob Token | Mankinds Journey to the Stars | Presale live	DottyPencil25BuurMan	https://www.reddit.com/r/CryptoMoonShots/comments/11gauii/mrbob_token_mankinds_journey_to_the_stars_presale/
1678372572	2023-03-09 14:36:12	953		CHEEL Token | The price of CHEEL increases every day | Real mass adoption	Multicoloredcoblenz	https://www.reddit.com/r/CryptoMoonShots/comments/11mtsiw/cheel_token_the_price_of_cheel_increases_every/
1681943063	2023-04-19 22:24:23	939	20	Czceo: Building Community-Driven De-Fi with Sustainable Tokenomics	atmaca35	https://www.reddit.com/r/CryptoMoonShots/comments/12schs9/czceo_building_communitydriven_defi_with/
1665498642	2022-10-11 14:30:42	935	4	MUUtrition- Crypto Nutrition Store – Magazine - Personal Trainers - BSC and MUU Chain - Presale	Safe_Connection	https://www.reddit.com/r/CryptoMoonShots/comments/y1ajjp/muutrition_crypto_nutrition_store_magazine/
1675972936	2023-02-09 20:02:16	928		Minima announces partnership with wetransfer	Multicoloredcoblenz	https://www.reddit.com/r/CryptoMoonShots/comments/10y4l0p/minima_announces_partnership_with_wetransfer/
1676641685	2023-02-17 13:48:05	928	6	Minima Presale now open to all!	MeeBaccus	https://www.reddit.com/r/CryptoMoonShots/comments/114kp23/minima_presale_now_open_to_all/
1675338194	2023-02-02 11:43:14	916	5	FTX proves CEX’s arent safe, heres why.	MeeBaccus	https://www.reddit.com/r/CryptoMoonShots/comments/10rnw80/ftx_proves_cexs_arent_safe_heres_why/
1676626513	2023-02-17 09:35:13	916		Neon Link raised over $330k in less than 20 hours! First phase nearly over	SadReason3	https://www.reddit.com/r/CryptoMoonShots/comments/114ff72/neon_link_raised_over_330k_in_less_than_20_hours/
1665504835	2022-10-11 16:13:55	867	8	Wombat | Liquidity Pool is open on Quickswap | APK for dual mining is over 1k% | Buyback and burning is Live | Staking |	Brynn3232	https://www.reddit.com/r/CryptoMoonShots/comments/y1d3f9/wombat_liquidity_pool_is_open_on_quickswap_apk/
1667838099	2022-11-07 16:21:39	866	19	A Web3 Yield-Bearing App Somewhere Between FinTech &amp; DeFi	MeeBaccus	https://www.reddit.com/r/CryptoMoonShots/comments/yorwxe/a_web3_yieldbearing_app_somewhere_between_fintech/
1675774941	2023-02-07 13:02:21	866	7	Neon Link Announces the Neon Token Presale	Multicoloredcoblenz	https://www.reddit.com/r/CryptoMoonShots/comments/10w19r4/neon_link_announces_the_neon_token_presale/
1678348642	2023-03-09 07:57:22	828	1	"Clarins Precious unveils ""325 Immersive AR Experiences"". The numerous perks and low supply make it unsurprising only 17 remain, with the floor now 10 times the initial 0.01 Eth"	TestedSubcommittee01	https://www.reddit.com/r/CryptoMoonShots/comments/11mmgkz/clarins_precious_unveils_325_immersive_ar/
1667441705	2022-11-03 02:15:05	821	45	LIVE TODAY || Open World | Upload Games for free | Play Games for free | We give you the platform | NOV 4 - 1:00 am GMT / 6:30 am IST	chiesoftware	https://www.reddit.com/r/CryptoMoonShots/comments/ykpj5x/live_today_open_world_upload_games_for_free_play/
1680714547	2023-04-05 17:09:07	807	51	$BARD Protocol AI Bots live on Telegram and Twitter | First crypto project to use BARDAI API on Twitter and Telegram | The official cryptocurrency representing Google’s BARD latest technology	julianberg	https://www.reddit.com/r/CryptoMoonShots/comments/12cr2d0/bard_protocol_ai_bots_live_on_telegram_and/
1679936817	2023-03-27 17:06:57	799	7	The Metaverse revolution is here and MaziMatic is leading the charge with the biggest Crypto Launch of 2023 on March 27 at 4 PM (Utc) ( Just Launched ) !!! Join Before It's Too Late !	MartaBarna	https://www.reddit.com/r/CryptoMoonShots/comments/123tdch/the_metaverse_revolution_is_here_and_mazimatic_is/
1665930891	2022-10-16 14:34:51	786		Anarky World, Publish - Share and Play in a virtual world designed with you in mind.	chiesoftware	https://www.reddit.com/r/CryptoMoonShots/comments/y5ibul/anarky_world_publish_share_and_play_in_a_virtual/
1666454813	2022-10-22 16:06:53	781	8	Playable Social Network | Open World | Upload Games made in Godot Engine | Play the Games made by others | We give you the platform | You control the content	chiesoftware	https://www.reddit.com/r/CryptoMoonShots/comments/yarjvv/playable_social_network_open_world_upload_games/
1682210445	2023-04-23 00:40:45	781	15	$PLEB – Are we witnessing the birth of a new cult hero? Next $Pepe?	Sheasart	https://www.reddit.com/r/CryptoMoonShots/comments/12vpgk2/pleb_are_we_witnessing_the_birth_of_a_new_cult/
1681752980	2023-04-17 17:36:20	723		Game Block | Ecosystem focused on games and passive returns | Goals is to create a vibrant community of gamers and investors | Presale live on 18April	SafeMailing	https://www.reddit.com/r/CryptoMoonShots/comments/12pq599/game_block_ecosystem_focused_on_games_and_passive/
1681914351	2023-04-19 14:25:51	723	2	Red Floki CEO | Elon's Favourite CEO and Puppy | Renounced Contract | 50% Supply Burned | Audited and Kyc | Launching on 21st April	SafeMailing	https://www.reddit.com/r/CryptoMoonShots/comments/12rv0to/red_floki_ceo_elons_favourite_ceo_and_puppy/
1681389877	2023-04-13 12:44:37	702		$IBIT InfinityBit - Transparent CEX Token - Building AI-Powered Automated Trading System - Experienced Team - NULS Partnership	Boring-gfhfrhjf	https://www.reddit.com/r/CryptoMoonShots/comments/12knwqm/ibit_infinitybit_transparent_cex_token_building/
1678191219	2023-03-07 12:13:39	645		Ethereum 'playable-art story' game from global giant publisher goes live this week. With early access open, and low number of available NFT PFPs which are required to play, the race to become part of the story has begun.	kosher_grouping03	https://www.reddit.com/r/CryptoMoonShots/comments/11kxpvl/ethereum_playableart_story_game_from_global_giant/
1667224723	2022-10-31 13:58:43	597	8	Playable Social Network | Open World | Upload Games for free | Play Games for free | We give you the platform | You control the content | Only 3 Days Left !! | NOV 4 - 1:00 am GMT / 6:30 am IST	chiesoftware	https://www.reddit.com/r/CryptoMoonShots/comments/yicz7t/playable_social_network_open_world_upload_games/
1677062405	2023-02-22 10:40:05	587	12	Flokiceo a Meme token in the BSC ecosystem | Elon Musk loves Floki | Comunity-driven cannot controll by anyone | Already Launched	SafeMailing	https://www.reddit.com/r/CryptoMoonShots/comments/118uzlj/flokiceo_a_meme_token_in_the_bsc_ecosystem_elon/
1678466903	2023-03-10 16:48:23	582	10	DEXTools burned 700k and released a burn dashboard	mcccsm	https://www.reddit.com/r/CryptoMoonShots/comments/11nu7ao/dextools_burned_700k_and_released_a_burn_dashboard/
1680714542	2023-04-05 17:09:02	567		$FCF French Connection Finance - First Revenue Sharing Token of the World | Co-brand deal announced with Floki | 2 Co-brand deal going live this week with over 2M holders | Official virtual and physical crypto cards to 5 CEX | Pumping for days!	Rhea476	https://www.reddit.com/r/CryptoMoonShots/comments/12cr2aa/fcf_french_connection_finance_first_revenue/
1680869431	2023-04-07 12:10:31	567	22	Came across a new crypto project, TWS | They claim that it's the first decentralized state | Is this the next big thing?	DaLeAtaB	https://www.reddit.com/r/CryptoMoonShots/comments/12ej6wy/came_across_a_new_crypto_project_tws_they_claim/
1678984517	2023-03-16 16:35:17	565	11	German community project successful in spite of 10 months of bear market.	Environmental_Sign54	https://www.reddit.com/r/CryptoMoonShots/comments/11sz2av/german_community_project_successful_in_spite_of/
1667223800	2022-10-31 13:43:20	556	4	Poshcoin | Unique, simple, yet utilitarian services in the purchase and trade of cannabis for users across the globe | Presale starts on 4November	AntonioNicholsJU	https://www.reddit.com/r/CryptoMoonShots/comments/yiclp5/poshcoin_unique_simple_yet_utilitarian_services/
1676670627	2023-02-17 21:50:27	541		Ecoterra is a blockchain ecosystem for user rewards and company action on climate change | Recycle2Earn - earn ecoterra for each item you recycle | Presale is live now | | Kyc &amp; Audit with Certik | Active &amp; Strong Community	VisiblePolling	https://www.reddit.com/r/CryptoMoonShots/comments/114ynhn/ecoterra_is_a_blockchain_ecosystem_for_user/
1682203596	2023-04-22 22:46:36	536	4	Scrilla : The Future of DeFi Funding and Support	vacantterror	https://www.reddit.com/r/CryptoMoonShots/comments/12vmcbk/scrilla_the_future_of_defi_funding_and_support/
1679867673	2023-03-26 21:54:33	533		$IBIT Transparent CEX token recently launched - LP locked 1 Year - Building AI-Powered Automated Trading System for holders - Experienced Team - NULS Partnership	Boring-gfhfrhjf	https://www.reddit.com/r/CryptoMoonShots/comments/12313fo/ibit_transparent_cex_token_recently_launched_lp/
1679335789	2023-03-20 18:09:49	522	1	Pony Swap | A brand new innovative AMM and Yield Farm on Arbitrum | Decentralized Pony Swap System	ElatedCharade	https://www.reddit.com/r/CryptoMoonShots/comments/11wqes7/pony_swap_a_brand_new_innovative_amm_and_yield/
1679346869	2023-03-20 21:14:29	518		The Platform for Unique NFTs and Collections of Mosiac | AI Nft Generator | Utility Done | Huge Marketing | Don't miss it | 21st March 7pm UTC	SternlyTawdry	https://www.reddit.com/r/CryptoMoonShots/comments/11ww5h3/the_platform_for_unique_nfts_and_collections_of/
1675529619	2023-02-04 16:53:39	510		Exploring Frontiers: Join the Aphelium Tournament, 250 Matic Prize Pool	burner94	https://www.reddit.com/r/CryptoMoonShots/comments/10tl1vc/exploring_frontiers_join_the_aphelium_tournament/
1679269907	2023-03-19 23:51:47	509	2	MOSAIC | Platform for Unique NFTs! | AI Nft Generator | Hyped Marketing | Utility online at launch preview already online! | 21st March 7pm Utc	SafeMailing	https://www.reddit.com/r/CryptoMoonShots/comments/11w1zsk/mosaic_platform_for_unique_nfts_ai_nft_generator/
1665381264	2022-10-10 05:54:24	508		$STAFFY a memecoin which helps dogs	nezzzzy	https://www.reddit.com/r/CryptoMoonShots/comments/y06xjw/staffy_a_memecoin_which_helps_dogs/
1670590014	2022-12-09 12:46:54	508	11	LDO Airdrop. The LDO airdrop App is deprecated. Airdrop is now available to claim on Lido.	AdLow8046	https://www.reddit.com/r/CryptoMoonShots/comments/zgwg3x/ldo_airdrop_the_ldo_airdrop_app_is_deprecated/
1681259564	2023-04-12 00:32:44	498		Boss Battle | Launch 13th April 7pm UTC | Never seen Buy-2-Earn Token | Boss Battle Bot Online | Unique Utility | NFT Collection with Utility | P2E Game | Buyback &amp; Burn | Extreme Marketing &amp; Influencer Support	saqib-bhatti	https://www.reddit.com/r/CryptoMoonShots/comments/12j3piw/boss_battle_launch_13th_april_7pm_utc_never_seen/
1681572715	2023-04-15 15:31:55	495	9	Transform Your Health and Wealth with Health AI: The Future of Personalized Healthcare - Launched 3 months ago - $HEALTG token sitting on a strong 30k mcap floor - Marketing just started - Renounced / locked 1 year - 5/5 tax	Easilymapquest	https://www.reddit.com/r/CryptoMoonShots/comments/12n7npz/transform_your_health_and_wealth_with_health_ai/
1676239794	2023-02-12 22:09:54	492	62	Mankinds Journey to the Stars. Exciting world of Web3 metaverse gaming coin Mrbob. Check it out Now!	Rohanbarai007	https://www.reddit.com/r/CryptoMoonShots/comments/110rr2k/mankinds_journey_to_the_stars_exciting_world_of/
1681834039	2023-04-18 16:07:19	488		Boss Battle | Launch 19th April 7pm UTC | AMA Before &amp; During The Launch | Never Seen Buy-2-Earn Token | Boss Battle Bot Online | Unique Utility | Buyback &amp; Burn | Extreme Marketing &amp; Influencer Support	saqib-bhatti	https://www.reddit.com/r/CryptoMoonShots/comments/12qtqv1/boss_battle_launch_19th_april_7pm_utc_ama_before/
1671286912	2022-12-17 14:21:52	486		AlienSquid – Whitelist open on Unicrypt today | Launch on 20th December | Staking, NFT, P2E game and lottery utility with its native token | Verified contract and well known developer team	ActiveEconomist289	https://www.reddit.com/r/CryptoMoonShots/comments/zo7aap/aliensquid_whitelist_open_on_unicrypt_today/
1676987004	2023-02-21 13:43:24	474	29	Child Support - CS Token Kyc, Audited And Doxxed	LightWhereabouts	https://www.reddit.com/r/CryptoMoonShots/comments/1183qqm/child_support_cs_token_kyc_audited_and_doxxed/
1674827218	2023-01-27 13:46:58	451		Old Project Rises From The Dead ! Check it out Now! [ Shinjiru Inu ]	EggSpiritual97	https://www.reddit.com/r/CryptoMoonShots/comments/10ml7h3/old_project_rises_from_the_dead_check_it_out_now/
1666181909	2022-10-19 12:18:29	444		Betaverse | Fully decentralized Peer-to-Peer BETTING platform | No middle man who can interfere with the integrity of the bet | Zero buy/sell tax | Biggest gem of BSC	AntonioNicholsJU	https://www.reddit.com/r/CryptoMoonShots/comments/y817ko/betaverse_fully_decentralized_peertopeer_betting/
1666466433	2022-10-22 19:20:33	444		LUNA Maniacs | Private sale is LIVE now | SAFU Team | 4% #LUNC Rewards | Dev previous project - did 2000X	old_aviation	https://www.reddit.com/r/CryptoMoonShots/comments/yaw60y/luna_maniacs_private_sale_is_live_now_safu_team_4/
1674845576	2023-01-27 18:52:56	442		Mankinds Journey to the Stars. Exciting world of Web3 metaverse gaming coin Mrbob. Check it out Now!	Rohanbarai007	https://www.reddit.com/r/CryptoMoonShots/comments/10msozf/mankinds_journey_to_the_stars_exciting_world_of/
1668343664	2022-11-13 12:47:44	437	14	World Cup Doge | Aims to provide the best platform for all kinds of investors be it big or small | Partnered with 5 of the worlds biggest experts | Presale start on 18November	saqib-bhatti	https://www.reddit.com/r/CryptoMoonShots/comments/yu0q24/world_cup_doge_aims_to_provide_the_best_platform/
1677362500	2023-02-25 22:01:40	422	15	Nutrifit Ai | A New Revolution on BSC Chain | Active Community |	LightWhereabouts	https://www.reddit.com/r/CryptoMoonShots/comments/11bx33p/nutrifit_ai_a_new_revolution_on_bsc_chain_active/
1681492690	2023-04-14 17:18:10	420	11	Papillon Token the new Hidden Crypto Gem	AboundingCumin	https://www.reddit.com/r/CryptoMoonShots/comments/12m4eq9/papillon_token_the_new_hidden_crypto_gem/
1670873834	2022-12-12 19:37:14	418	15	DEXTools is the best aggregator and DEX on the market. Change my mind.	andrealabate	https://www.reddit.com/r/CryptoMoonShots/comments/zk903x/dextools_is_the_best_aggregator_and_dex_on_the/
1668352488	2022-11-13 15:14:48	410	18	MobiPad | Coming Mobile App - Staking/Farming | Global Marketing | Mexc |	KaraHummma34	https://www.reddit.com/r/CryptoMoonShots/comments/yu4fyp/mobipad_coming_mobile_app_stakingfarming_global/
1671640969	2022-12-21 16:42:49	408		Ever heard about DEXTools? I did a little analysis...	andrealabate	https://www.reddit.com/r/CryptoMoonShots/comments/zrtq17/ever_heard_about_dextools_i_did_a_little_analysis/
1679830914	2023-03-26 11:41:54	401	7	Hokkaido Inu 100% MEME genuine token ! HokkaidoInu Decentralised | Elon musk’s Transparent Meme coin | Related to Shiba and Kishu	julianberg	https://www.reddit.com/r/CryptoMoonShots/comments/122jkf8/hokkaido_inu_100_meme_genuine_token_hokkaidoinu/
1668115267	2022-11-10 21:21:07	398		Arora Token | Staking | Big Marketing | NFT | Excellent Road Map |	KaraHummma34	https://www.reddit.com/r/CryptoMoonShots/comments/yrs5sf/arora_token_staking_big_marketing_nft_excellent/
1680444259	2023-04-02 14:04:19	396	33	$FCF (French Connection Finance) Official virtual and physical crypto cards to 5 CEX | 2 Cobrand deal going live this week with over 2M holders | First revenue sharing token | The business is burning token daily and scaling fast!	julianberg	https://www.reddit.com/r/CryptoMoonShots/comments/129m8ld/fcf_french_connection_finance_official_virtual/
1668194022	2022-11-11 19:13:42	394	23	FarmarokCash | Pinksale | KYC | Low Tax | 30K Usdt SoftCap | Join Us!!	KaraHummma34	https://www.reddit.com/r/CryptoMoonShots/comments/ysjyii/farmarokcash_pinksale_kyc_low_tax_30k_usdt/
1679928225	2023-03-27 14:43:45	394	10	$BARD Protocol | The official cryptocurrency representing Google’s BARD latest technology | First crypto project to use BARDAI API on Twitter and Telegram | AI Bots live on Telegram and Twitter	bleaktemplate741	https://www.reddit.com/r/CryptoMoonShots/comments/123oxpc/bard_protocol_the_official_cryptocurrency/
1679093475	2023-03-17 22:51:15	393	3	ShibWallet | End-to-end wallet and bridge ecosystem for transferring tokens from various chains | Already Launched | Next Eth Gem	SafeMailing	https://www.reddit.com/r/CryptoMoonShots/comments/11u6odl/shibwallet_endtoend_wallet_and_bridge_ecosystem/
1667881752	2022-11-08 04:29:12	391	30	Luna Maniacs | Presale Fair launch on Pinksale 2022.11.10 | SAFU/KYC/Audit | Massive Marketing | CG &amp; CMC prelisting | Dev previous project - did 2000X	always_neat_nexus	https://www.reddit.com/r/CryptoMoonShots/comments/ypb46j/luna_maniacs_presale_fair_launch_on_pinksale/
1667218967	2022-10-31 12:22:47	390	11	SpaceXCoin $SPXC | Fair Launch starts today, 31st Oct Utc 13:00 - 4th Nov on PinkSale | Biggest Utility + Meme token | KYC'ed &amp; Audited | Nfts are out| Fully doxed dev | Vibrant Community	Electricalgt	https://www.reddit.com/r/CryptoMoonShots/comments/yiaf70/spacexcoin_spxc_fair_launch_starts_today_31st_oct/
1681479075	2023-04-14 13:31:15	389		French Connection Finance @FCF - Official virtual and physical crypto cards to 5 CEX | FCF Mobile App announced! | | Co-brand deal announced with Floki | Another Co-brand deal going live this week with over 2M holders! Massive Exposure Coming In!	Rhea476	https://www.reddit.com/r/CryptoMoonShots/comments/12lxe0m/french_connection_finance_fcf_official_virtual/
1677360189	2023-02-25 21:23:09	386	11	Floki Ceo Coin is the best project in term of quality and results	VisiblePolling	https://www.reddit.com/r/CryptoMoonShots/comments/11bw57g/floki_ceo_coin_is_the_best_project_in_term_of/
1667321656	2022-11-01 16:54:16	385		Peron Labs | Create Your Platform WEB3 Without Coding | Huge Marketing | Strong Community |	GrandCandidates	https://www.reddit.com/r/CryptoMoonShots/comments/yje1au/peron_labs_create_your_platform_web3_without/
1680225344	2023-03-31 01:15:44	385		Bashardao BASHAR Token Cult Dao Fork Presale Live Now	jUzter	https://www.reddit.com/r/CryptoMoonShots/comments/1275jzp/bashardao_bashar_token_cult_dao_fork_presale_live/
1680818559	2023-04-06 22:02:39	385	2	Join the Lucidia Metaverse Presale on 16 May | Score Up to 70% Bonus | Unlock Exclusive Rewards!	andrefdgfd	https://www.reddit.com/r/CryptoMoonShots/comments/12dzlp1/join_the_lucidia_metaverse_presale_on_16_may/
1677877708	2023-03-03 21:08:28	381	8	AI and Blockchain connected with ERC20 Token. Launched 30 minutes ago!	SadReason3	https://www.reddit.com/r/CryptoMoonShots/comments/11hf00g/ai_and_blockchain_connected_with_erc20_token/
1668448749	2022-11-14 17:59:09	377		$ELONONE - Launching 2 New Utilities Shortly - Mint Your Free Limited Edition Racing Game Rocket Now	DeanMrCrypto	https://www.reddit.com/r/CryptoMoonShots/comments/yv7883/elonone_launching_2_new_utilities_shortly_mint/
1680441793	2023-04-02 13:23:13	375	12	FlokiCeoo is aiming for a top 10 exchange listing next week	SafeMailing	https://www.reddit.com/r/CryptoMoonShots/comments/129l63i/flokiceoo_is_aiming_for_a_top_10_exchange_listing/
1680637818	2023-04-04 19:50:18	373		$GLM Golem project has scored an astonishing deal with OpenAI to power their next ChatGPT v4 Q4 2023.	stinkyfax	https://www.reddit.com/r/CryptoMoonShots/comments/12bubfy/glm_golem_project_has_scored_an_astonishing_deal/
1665396553	2022-10-10 10:09:13	371		FortuneCash powered by CashVerse - Presale Live - 6 days to go - Unique Tokenomic System - Experienced Team	Buffcluff	https://www.reddit.com/r/CryptoMoonShots/comments/y0ax8r/fortunecash_powered_by_cashverse_presale_live_6/
1679148806	2023-03-18 14:13:26	370	25	$FCF Revenue Sharing Token | FCF Pay | Revolutionary Project about to Send Giant Waves Across Crypto and the Payments Industry | Virtual and Physical Crypto Card CEX Orders Blowing Up | Floki and Sharbi Co-Branding Partnerships Announced	julianberg	https://www.reddit.com/r/CryptoMoonShots/comments/11uplba/fcf_revenue_sharing_token_fcf_pay_revolutionary/
1679856460	2023-03-26 18:47:40	370		FCFPAY has acquired the rights to issue Global crypto cards to CEX | French Connection Finance (@FCF) First Revenue Sharing Token | Payment Gateway is live | 66% of the Revenue goes back to Community!	DependentTraining139	https://www.reddit.com/r/CryptoMoonShots/comments/122viuk/fcfpay_has_acquired_the_rights_to_issue_global/